Distance,Intensity
0.000,65528.0000
0.087,65520.9922
0.173,65534.9258
0.260,65531.9766
0.347,65514.0664
0.433,65529.0156
0.520,65520.0664
0.607,65515.9180
0.693,65520.0391
0.780,65523.8750
0.867,65518.9609
0.953,65534.0117
1.040,65533.7734
1.127,65516.0508
1.213,65534.9180
1.300,65513.3281
1.387,65515.8867
1.473,65524.0859
1.560,65531.8203
1.647,65534.5078
1.733,65518.9023
1.820,65508.5664
1.907,65534.9141
1.993,65532.5664
2.080,65533.6875
2.167,65516.9023
2.253,65503.2344
2.340,65515.5117
2.427,65529.7773
2.513,65511.0586
2.600,65515.3867
2.687,65519.3398
2.773,65519.1914
2.860,65530.6055
2.947,65524.3711
3.033,65534.8242
3.120,65513.5039
3.207,65482.0273
3.293,65517.3555
3.380,65529.1562
3.467,65517.6367
3.553,65514.8594
3.640,65529.7500
3.727,65519.4297
3.813,65526.1758
3.900,65509.1797
3.987,65527.8633
4.073,65511.7500
4.160,65532.5703
4.247,65517.2930
4.334,65529.4531
4.420,65518.8477
4.507,65516.9844
4.594,65512.9453
4.680,65533.6016
4.767,65519.3984
4.854,65521.2188
4.940,65510.9102
5.027,65534.3633
5.114,65510.8242
5.200,65514.3594
5.287,65532.9688
5.374,65522.8164
5.460,65534.3086
5.547,65521.7031
5.634,65528.3516
5.720,65532.6836
5.807,65518.3984
5.894,65532.5117
5.980,65517.0312
6.067,65533.8828
6.154,65523.3750
6.240,65527.7812
6.327,65530.2734
6.414,65500.3281
6.500,65535.0000
6.587,65525.8477
6.674,65513.7656
6.760,65507.1641
6.847,65512.5742
6.934,65527.8047
7.020,65512.8398
7.107,65522.5117
7.194,65524.9336
7.280,65525.8359
7.367,65517.9844
7.454,65518.4570
7.540,65522.1797
7.627,65507.4023
7.714,65514.4688
7.800,65514.2695
7.887,65521.4609
7.974,65508.5508
8.060,65519.5352
8.147,65506.4688
8.234,65510.0938
8.320,65499.8516
8.407,65506.4219
8.494,65497.4648
8.580,65502.5195
8.667,65493.5977
8.754,65508.0938
8.840,65495.0859
8.927,65489.4375
9.014,65493.3125
9.100,65506.6875
9.187,65503.5273
9.274,65495.0000
9.360,65500.2461
9.447,65498.8906
9.534,65496.2344
9.620,65496.1094
9.707,65494.7773
9.794,65509.7734
9.880,65506.9297
9.967,65514.4258
10.054,65516.1172
10.140,65500.1172
10.227,65497.6484
10.314,65511.3047
10.400,65501.6719
10.487,65504.2422
10.574,65523.2969
10.660,65508.2266
10.747,65511.1367
10.834,65524.6250
10.920,65517.7500
11.007,65511.2422
11.094,65510.2344
11.180,65501.4141
11.267,65514.6680
11.354,65517.4766
11.440,65531.7656
11.527,65509.9258
11.614,65498.8047
11.700,65515.2852
11.787,65522.6953
11.874,65504.7773
11.960,65528.8398
12.047,65500.7227
12.134,65504.9531
12.220,65518.8594
12.307,65512.7070
12.394,65516.4336
12.480,65504.7305
12.567,65519.5664
12.654,65516.3828
12.741,65517.7070
12.827,65513.4414
12.914,65508.1094
13.001,65502.9531
13.087,65513.2461
13.174,65518.7305
13.261,65520.6953
13.347,65520.5391
13.434,65515.3008
13.521,65505.3984
13.607,65502.3750
13.694,65519.0547
13.781,65497.8008
13.867,65506.1602
13.954,65504.3945
14.041,65511.3555
14.127,65518.5391
14.214,65509.8750
14.301,65513.3281
14.387,65511.6758
14.474,65497.8281
14.561,65508.5078
14.647,65508.3164
14.734,65524.7812
14.821,65515.0430
14.907,65504.6836
14.994,65512.1719
15.081,65502.7344
15.167,65508.5586
15.254,65508.5273
15.341,65505.4648
15.427,65509.5195
15.514,65511.1797
15.601,65498.7930
15.687,65498.4414
15.774,65502.5430
15.861,65511.1055
15.947,65515.2656
16.034,65525.6836
16.121,65507.9648
16.207,65508.6758
16.294,65512.7500
16.381,65511.1172
16.467,65518.0547
16.554,65518.4766
16.641,65500.5469
16.727,65516.9219
16.814,65519.6484
16.901,65506.3008
16.987,65523.4102
17.074,65509.4297
17.161,65505.5781
17.247,65517.0000
17.334,65518.0000
17.421,65514.6016
17.507,65516.3906
17.594,65517.3711
17.681,65510.0000
17.767,65507.9805
17.854,65512.3828
17.941,65495.6484
18.027,65512.4766
18.114,65512.2891
18.201,65508.5547
18.287,65496.4219
18.374,65511.5781
18.461,65509.9688
18.547,65507.7383
18.634,65503.0742
18.721,65493.4805
18.807,65496.5938
18.894,65499.9531
18.981,65496.7812
19.067,65498.9062
19.154,65504.9180
19.241,65499.8828
19.327,65494.7773
19.414,65497.8906
19.501,65495.4297
19.587,65499.3242
19.674,65496.1289
19.761,65499.3203
19.847,65504.0547
19.934,65503.0000
20.021,65489.2930
20.107,65509.0742
20.194,65503.5703
20.281,65514.8711
20.367,65500.1055
20.454,65509.2344
20.541,65520.7500
20.627,65513.2578
20.714,65506.3320
20.801,65513.9805
20.888,65511.2812
20.974,65513.2773
21.061,65526.3711
21.148,65524.9531
21.234,65523.8047
21.321,65523.8164
21.408,65515.2930
21.494,65516.9766
21.581,65530.2656
21.668,65522.2617
21.754,65516.5000
21.841,65522.9805
21.928,65516.2617
22.014,65525.9883
22.101,65514.0000
22.188,65519.5508
22.274,65528.6484
22.361,65518.0820
22.448,65523.8086
22.534,65515.1172
22.621,65531.9219
22.708,65516.0430
22.794,65526.7852
22.881,65518.8906
22.968,65504.5820
23.054,65515.7344
23.141,65521.8086
23.228,65519.8008
23.314,65513.9297
23.401,65511.3438
23.488,65517.3789
23.574,65523.4141
23.661,65519.8242
23.748,65516.3633
23.834,65508.8203
23.921,65510.0703
24.008,65519.1367
24.094,65530.1680
24.181,65523.1133
24.268,65502.3477
24.354,65514.1211
24.441,65499.2461
24.528,65518.3828
24.614,65521.3750
24.701,65521.5664
24.788,65524.4297
24.874,65515.7148
24.961,65512.8672
25.048,65512.0000
25.134,65514.4453
25.221,65516.1016
25.308,65517.6875
25.394,65511.0430
25.481,65520.9219
25.568,65515.7695
25.654,65517.0117
25.741,65531.4492
25.828,65529.6250
25.914,65524.4688
26.001,65513.2969
26.088,65510.8047
26.174,65526.6094
26.261,65522.1367
26.348,65527.5508
26.434,65519.0117
26.521,65535.0000
26.608,65505.0000
26.694,65520.8516
26.781,65515.5391
26.868,65509.8398
26.954,65528.0000
27.041,65520.9609
27.128,65506.5195
27.214,65522.3750
27.301,65514.8242
27.388,65507.5195
27.474,65511.2109
27.561,65525.4336
27.648,65508.5898
27.734,65524.1641
27.821,65514.1562
27.908,65521.3203
27.994,65503.8945
28.081,65507.7461
28.168,65523.5820
28.254,65504.7773
28.341,65503.2578
28.428,65498.3281
28.514,65493.3789
28.601,65503.3555
28.688,65496.6367
28.774,65498.6602
28.861,65490.0000
28.948,65497.6719
29.034,65497.0000
29.121,65491.0000
29.208,65501.0000
29.295,65487.6836
29.381,65492.3516
29.468,65497.3555
29.555,65496.6602
29.641,65498.3398
29.728,65493.7812
29.815,65505.6562
29.901,65505.0000
29.988,65497.3047
30.075,65505.6172
30.161,65519.6133
30.248,65512.0000
30.335,65520.6055
30.421,65508.2930
30.508,65513.8320
30.595,65510.0781
30.681,65528.7109
30.768,65528.2812
30.855,65503.9102
30.941,65522.1992
31.028,65525.2773
31.115,65520.7227
31.201,65520.8867
31.288,65518.7969
31.375,65527.0000
31.461,65529.2148
31.548,65526.5391
31.635,65527.0898
31.721,65535.0000
31.808,65524.2148
31.895,65520.3320
31.981,65522.0586
32.068,65508.3672
32.155,65514.4766
32.241,65515.3359
32.328,65529.3438
32.415,65527.1172
32.501,65507.5078
32.588,65524.6328
32.675,65522.3711
32.761,65515.7188
32.848,65515.4883
32.935,65525.5391
33.021,65519.9336
33.108,65510.3906
33.195,65517.1836
33.281,65520.6172
33.368,65517.3008
33.455,65529.4609
33.541,65512.8672
33.628,65523.1367
33.715,65519.4492
33.801,65521.4062
33.888,65519.5586
33.975,65517.7344
34.061,65527.9531
34.148,65523.6836
34.235,65522.1328
34.321,65516.8320
34.408,65511.6289
34.495,65525.8281
34.581,65522.3828
34.668,65532.2109
34.755,65519.3828
34.841,65532.5977
34.928,65529.0156
35.015,65522.1719
35.101,65528.9492
35.188,65515.2773
35.275,65519.5391
35.361,65522.2773
35.448,65526.1836
35.535,65524.7344
35.621,65515.5898
35.708,65527.7188
35.795,65531.2969
35.881,65518.1250
35.968,65529.2812
36.055,65521.3438
36.141,65528.7695
36.228,65526.6641
36.315,65524.5664
36.401,65532.3281
36.488,65529.1914
36.575,65515.2617
36.661,65525.1641
36.748,65514.6875
36.835,65525.6562
36.921,65532.0312
37.008,65528.5508
37.095,65524.0312
37.181,65528.1445
37.268,65529.4336
37.355,65534.5703
37.441,65524.4062
37.528,65529.4141
37.615,65527.0508
37.702,65514.3672
37.788,65523.3945
37.875,65531.9531
37.962,65526.7109
38.048,65514.3750
38.135,65517.4922
38.222,65516.7578
38.308,65523.2031
38.395,65510.2344
38.482,65505.7500
38.568,65514.8633
38.655,65501.7773
38.742,65510.1016
38.828,65502.1094
38.915,65495.2344
39.002,65496.4805
39.088,65506.1016
39.175,65494.5039
39.262,65503.6094
39.348,65509.5469
39.435,65498.8281
39.522,65499.2734
39.608,65505.8945
39.695,65503.8945
39.782,65506.9141
39.868,65499.0000
39.955,65512.8047
40.042,65504.7188
40.128,65515.7734
40.215,65516.6875
40.302,65516.2227
40.388,65511.5742
40.475,65523.9297
40.562,65513.2695
40.648,65519.3359
40.735,65529.7852
40.822,65531.7148
40.908,65521.5391
40.995,65531.1172
41.082,65535.0000
41.168,65535.0000
41.255,65518.7852
41.342,65533.4258
41.428,65526.0938
41.515,65533.0898
41.602,65530.8672
41.688,65516.9766
41.775,65522.4805
41.862,65531.3672
41.948,65517.4961
42.035,65523.4062
42.122,65534.4844
42.208,65526.2109
42.295,65521.8867
42.382,65531.9219
42.468,65526.7031
42.555,65532.4453
42.642,65535.0000
42.728,65530.0898
42.815,65531.4453
42.902,65525.0156
42.988,65527.9648
43.075,65525.9102
43.162,65514.5352
43.248,65532.0000
43.335,65530.9844
43.422,65520.4961
43.508,65523.5000
43.595,65516.0039
43.682,65534.4961
43.768,65515.9805
43.855,65529.4570
43.942,65523.4570
44.028,65524.4453
44.115,65533.4805
44.202,65531.5547
44.288,65511.8555
44.375,65532.4492
44.462,65526.6875
44.548,65516.1758
44.635,65527.3047
44.722,65526.3203
44.808,65531.3945
44.895,65523.1328
44.982,65526.0352
45.068,65530.8555
45.155,65526.1797
45.242,65526.8398
45.328,65527.4805
45.415,65529.2617
45.502,65529.9531
45.588,65528.8125
45.675,65529.7734
45.762,65531.3711
45.848,65521.6250
45.935,65524.2227
46.022,65521.9414
46.109,65514.8281
46.195,65532.6562
46.282,65530.3203
46.369,65515.5391
46.455,65517.7969
46.542,65524.8125
46.629,65524.7852
46.715,65524.2617
46.802,65519.9414
46.889,65530.3867
46.975,65528.4766
47.062,65522.4883
47.149,65511.8281
47.235,65520.1133
47.322,65535.0000
47.409,65525.0898
47.495,65531.1797
47.582,65530.4531
47.669,65517.3320
47.755,65533.6445
47.842,65528.9531
47.929,65532.2461
48.015,65527.0000
48.102,65530.0820
48.189,65518.0156
48.275,65521.3281
48.362,65512.7773
48.449,65512.4336
48.535,65514.2305
48.622,65514.9102
48.709,65502.8789
48.795,65503.1016
48.882,65486.3164
48.969,65496.5039
49.055,65496.6914
49.142,65499.0352
49.229,65498.1211
49.315,65495.9688
49.402,65501.5938
49.489,65495.3125
49.575,65496.1406
49.662,65496.0000
49.749,65489.8594
49.835,65498.7109
49.922,65514.2773
50.009,65500.9531
50.095,65501.8477
50.182,65510.8906
50.269,65505.4219
50.355,65496.5234
50.442,65510.8555
50.529,65517.5781
50.615,65521.0703
50.702,65512.8281
50.789,65513.6602
50.875,65520.9375
50.962,65520.3711
51.049,65521.7344
51.135,65532.6484
51.222,65518.8164
51.309,65532.0508
51.395,65525.9922
51.482,65526.9023
51.569,65533.8164
51.655,65521.5352
51.742,65527.9453
51.829,65534.4062
51.915,65525.3203
52.002,65514.1836
52.089,65518.9727
52.175,65524.9883
52.262,65517.1914
52.349,65521.2031
52.435,65520.4375
52.522,65527.7578
52.609,65534.3945
52.695,65515.5234
52.782,65532.6406
52.869,65535.0000
52.955,65514.6133
53.042,65526.9258
53.129,65526.7148
53.215,65520.0664
53.302,65514.0000
53.389,65521.4961
53.475,65513.4922
53.562,65511.4648
53.649,65533.1523
53.735,65517.9141
53.822,65519.0820
53.909,65521.3359
53.995,65524.4141
54.082,65523.1875
54.169,65521.7734
54.256,65520.1172
54.342,65519.0000
54.429,65529.2500
54.516,65509.3477
54.602,65531.6484
54.689,65529.7422
54.776,65530.5547
54.862,65527.9805
54.949,65532.4219
55.036,65527.8984
55.122,65523.0664
55.209,65521.3672
55.296,65529.9180
55.382,65522.7266
55.469,65497.8242
55.556,65514.9141
55.642,65516.6523
55.729,65519.5625
55.816,65509.3594
55.902,65519.0000
55.989,65529.6523
56.076,65517.1328
56.162,65510.0000
56.249,65528.5352
56.336,65518.7070
56.422,65516.8438
56.509,65527.6367
56.596,65527.1055
56.682,65523.2734
56.769,65527.5664
56.856,65519.7617
56.942,65526.8164
57.029,65520.7891
57.116,65524.6250
57.202,65512.0273
57.289,65529.8750
57.376,65513.5273
57.462,65527.3789
57.549,65514.0312
57.636,65520.3242
57.722,65519.0586
57.809,65513.9805
57.896,65514.3750
57.982,65525.0039
58.069,65524.3359
58.156,65511.9805
58.242,65519.3555
58.329,65516.7031
58.416,65521.5742
58.502,65517.6875
58.589,65531.6523
58.676,65507.4414
58.762,65517.7773
58.849,65506.2031
58.936,65505.3555
59.022,65501.1055
59.109,65502.1875
59.196,65499.0391
59.282,65492.4062
59.369,65492.8594
59.456,65498.5156
59.542,65498.3164
59.629,65495.5195
59.716,65503.6289
59.802,65490.2500
59.889,65504.5703
59.976,65499.7578
60.062,65495.7344
60.149,65504.0000
60.236,65493.9219
60.322,65504.2266
60.409,65509.4727
60.496,65516.5234
60.582,65518.4062
60.669,65514.4219
60.756,65514.0352
60.842,65518.9023
60.929,65523.0039
61.016,65520.7930
61.102,65533.8086
61.189,65531.1406
61.276,65519.5898
61.362,65521.0625
61.449,65528.2422
61.536,65520.5859
61.622,65529.7461
61.709,65528.3477
61.796,65519.2617
61.882,65514.1133
61.969,65517.4375
62.056,65535.0000
62.142,65535.0000
62.229,65533.2891
62.316,65527.6211
62.402,65512.6250
62.489,65517.2266
62.576,65533.8750
62.663,65522.0781
62.749,65526.3477
62.836,65531.0547
62.923,65528.7852
63.009,65519.5859
63.096,65518.6484
63.183,65534.2734
63.269,65523.4531
63.356,65526.5703
63.443,65519.6875
63.529,65531.4922
63.616,65532.0742
63.703,65529.9297
63.789,65516.4688
63.876,65517.7344
63.963,65531.7344
64.049,65528.3750
64.136,65522.0000
64.223,65517.2852
64.309,65518.7812
64.396,65524.8203
64.483,65513.2930
64.569,65528.3203
64.656,65528.1719
64.743,65520.3516
64.829,65525.7266
64.916,65522.4453
65.003,65521.9648
65.089,65529.2617
65.176,65528.9844
65.263,65512.7500
65.349,65508.2383
65.436,65515.7773
65.523,65531.5430
65.609,65514.0000
65.696,65513.1055
65.783,65515.1719
65.869,65514.0742
65.956,65527.1289
66.043,65517.5898
66.129,65515.3203
66.216,65522.4766
66.303,65527.5703
66.389,65527.3125
66.476,65511.9570
66.563,65514.1172
66.649,65512.7031
66.736,65506.7656
66.823,65535.0000
66.909,65513.1562
66.996,65524.8477
67.083,65509.9766
67.169,65513.9141
67.256,65513.4062
67.343,65521.0352
67.429,65526.9492
67.516,65523.8438
67.603,65505.3398
67.689,65503.9961
67.776,65511.7891
67.863,65511.0000
67.949,65516.8477
68.036,65522.5273
68.123,65529.4805
68.209,65517.0000
68.296,65525.3438
68.383,65526.3555
68.469,65527.3750
68.556,65521.0312
68.643,65520.0547
68.729,65504.6289
68.816,65510.0469
68.903,65514.8750
68.989,65514.6133
69.076,65499.0000
69.163,65489.8711
69.249,65506.0000
69.336,65500.3594
69.423,65495.3945
69.509,65496.9883
69.596,65487.6016
69.683,65492.9922
69.769,65485.7852
69.856,65496.0000
69.943,65493.0000
70.029,65495.3906
70.116,65496.9727
70.203,65495.5469
70.289,65489.5391
70.376,65505.1328
70.463,65505.6641
70.549,65499.1367
70.636,65506.4336
70.723,65497.0586
70.810,65521.8633
70.896,65531.7773
70.983,65492.7383
71.070,65520.5195
71.156,65519.0820
71.243,65529.2695
71.330,65527.2617
71.416,65532.4883
71.503,65522.1406
71.590,65509.0625
71.676,65523.8242
71.763,65533.4219
71.850,65516.6602
71.936,65529.2266
72.023,65530.7266
72.110,65524.3438
72.196,65503.4297
72.283,65524.5234
72.370,65516.5234
72.456,65503.8516
72.543,65511.3320
72.630,65532.0234
72.716,65532.6719
72.803,65514.1641
72.890,65507.9727
72.976,65500.1328
73.063,65519.4414
73.150,65525.6797
73.236,65508.1602
73.323,65521.5195
73.410,65522.4648
73.496,65522.8438
73.583,65526.5430
73.670,65531.4727
73.756,65532.2578
73.843,65527.0898
73.930,65533.1523
74.016,65517.8047
74.103,65513.5234
74.190,65528.3789
74.276,65526.8555
74.363,65523.8359
74.450,65521.3125
74.536,65527.8516
74.623,65517.7070
74.710,65515.2539
74.796,65528.1406
74.883,65518.6953
74.970,65519.4922
75.056,65516.8867
75.143,65528.8164
75.230,65507.8945
75.316,65515.4219
75.403,65514.3320
75.490,65517.9258
75.576,65513.5781
75.663,65527.1758
75.750,65518.4609
75.836,65526.6875
75.923,65522.7852
76.010,65508.4922
76.096,65513.7539
76.183,65522.7422
76.270,65535.0000
76.356,65533.7734
76.443,65515.5703
76.530,65520.3633
76.616,65522.6719
76.703,65525.8008
76.790,65511.8828
76.876,65516.1641
76.963,65533.4961
77.050,65519.3672
77.136,65525.9766
77.223,65533.5508
77.310,65530.1133
77.396,65512.5547
77.483,65509.0156
77.570,65532.2852
77.656,65522.2773
77.743,65512.0664
77.830,65526.0000
77.916,65511.5117
78.003,65515.8281
78.090,65528.9727
78.176,65514.3047
78.263,65525.6914
78.350,65526.0039
78.436,65533.3242
78.523,65511.7070
78.610,65511.0977
78.696,65529.4258
78.783,65514.8516
78.870,65517.1289
78.956,65516.4062
79.043,65507.9922
79.130,65510.8203
79.216,65510.2070
79.303,65494.2656
79.390,65503.4375
79.477,65498.0859
79.563,65494.4297
79.650,65489.5078
79.737,65499.5820
79.823,65493.8359
79.910,65497.9180
79.997,65493.2422
80.083,65505.5664
80.170,65511.0547
80.257,65502.7656
80.343,65493.3086
80.430,65496.0000
80.517,65493.3750
80.603,65508.3281
80.690,65515.7109
80.777,65513.4258
80.863,65516.7188
80.950,65518.2344
81.037,65520.0000
81.123,65531.4570
81.210,65514.4688
81.297,65533.1328
81.383,65519.2578
81.470,65520.6797
81.557,65516.2500
81.643,65530.1250
81.730,65526.1484
81.817,65514.3164
81.903,65503.9375
81.990,65510.2148
82.077,65522.1719
82.163,65523.6133
82.250,65528.6719
82.337,65520.8398
82.423,65528.1602
82.510,65510.8281
82.597,65515.3047
82.683,65534.2539
82.770,65526.4375
82.857,65512.0039
82.943,65514.9844
83.030,65534.2227
83.117,65534.5508
83.203,65522.7383
83.290,65515.7852
83.377,65509.7539
83.463,65511.4102
83.550,65526.9609
83.637,65517.6992
83.723,65524.6953
83.810,65502.9219
83.897,65529.5703
83.983,65515.2109
84.070,65525.6602
84.157,65523.1641
84.243,65513.2852
84.330,65534.8164
84.417,65527.2383
84.503,65526.5938
84.590,65520.1133
84.677,65518.4023
84.763,65534.8945
84.850,65521.3477
84.937,65534.3320
85.023,65534.6094
85.110,65506.3711
85.197,65526.1875
85.283,65526.1602
85.370,65527.8125
85.457,65535.0000
85.543,65510.4062
85.630,65520.1445
85.717,65528.7617
85.803,65518.1133
85.890,65526.8828
85.977,65519.0000
86.063,65534.9453
86.150,65531.8711
86.237,65526.7930
86.323,65525.0078
86.410,65512.0156
86.497,65534.8789
86.583,65528.9805
86.670,65534.9688
86.757,65523.9922
86.843,65534.9844
86.930,65535.0000
87.017,65526.0000
87.103,65528.0078
87.190,65530.0117
87.277,65534.9688
87.363,65532.9805
87.450,65514.0664
87.537,65535.0000
87.624,65520.0195
87.710,65529.9609
87.797,65519.0352
87.884,65524.1094
87.970,65528.9570
88.057,65510.1445
88.144,65498.1680
88.230,65534.7500
88.317,65520.0898
88.404,65524.0312
88.490,65524.0508
88.577,65534.5508
88.664,65523.0391
88.750,65522.8203
88.837,65518.1680
88.924,65512.3945
89.010,65524.4961
89.097,65523.7383
89.184,65515.7773
89.270,65497.2578
89.357,65506.0000
89.444,65504.5273
89.530,65491.1445
89.617,65499.9688
89.704,65497.8750
89.790,65500.8711
89.877,65495.0664
89.964,65499.1016
90.050,65499.0000
90.137,65504.0352
90.224,65503.0000
90.310,65499.7344
90.397,65501.8828
90.484,65499.5195
90.570,65500.0820
90.657,65489.6680
90.744,65511.1875
90.830,65513.9570
90.917,65507.4023
91.004,65517.1836
91.090,65508.3281
91.177,65514.0898
91.264,65513.1211
91.350,65534.0508
91.437,65529.5430
91.524,65531.8438
91.610,65522.3672
91.697,65534.9453
91.784,65534.1250
91.870,65512.5039
91.957,65534.3203
92.044,65517.0977
92.130,65520.3516
92.217,65522.7461
92.304,65523.3047
92.390,65523.9492
92.477,65525.6289
92.564,65517.3828
92.650,65529.9336
92.737,65516.0000
92.824,65534.1992
92.910,65509.8281
92.997,65527.5508
93.084,65524.5586
93.170,65520.9297
93.257,65519.2188
93.344,65529.9805
93.430,65524.4219
93.517,65519.2695
93.604,65517.1680
93.690,65527.8477
93.777,65508.6211
93.864,65500.4375
93.950,65525.0000
94.037,65511.9180
94.124,65528.5703
94.210,65520.5859
94.297,65529.0000
94.384,65512.1172
94.470,65534.8281
94.557,65519.4336
94.644,65519.1250
94.730,65513.5312
94.817,65526.8086
94.904,65531.8203
94.990,65530.0000
95.077,65519.5195
95.164,65521.4688
95.250,65519.6094
95.337,65527.7578
95.424,65513.8359
95.510,65534.9023
95.597,65525.1953
95.684,65521.9023
95.771,65512.2148
95.857,65505.3516
95.944,65530.4883
96.031,65532.4453
96.117,65523.5234
96.204,65530.5234
96.291,65523.2148
96.377,65535.0000
96.464,65522.8672
96.551,65507.7539
96.637,65509.7695
96.724,65523.3164
96.811,65518.2383
96.897,65507.7930
96.984,65535.0000
97.071,65509.4258
97.157,65533.1367
97.244,65506.7031
97.331,65529.6953
97.417,65525.9258
97.504,65535.0000
97.591,65521.7578
97.677,65518.4062
97.764,65521.4805
97.851,65522.3711
97.937,65533.4922
98.024,65532.3789
98.111,65517.4023
98.197,65515.7422
98.284,65505.8477
98.371,65522.4766
98.457,65533.9492
98.544,65528.2656
98.631,65533.2656
98.717,65520.5039
98.804,65516.6445
98.891,65507.8203
98.977,65527.9609
99.064,65509.8633
99.151,65520.3711
99.237,65519.7539
99.324,65501.6953
99.411,65499.5781
99.497,65503.2812
99.584,65498.2891
99.671,65493.7266
99.757,65508.1211
99.844,65503.6719
99.931,65498.5938
100.017,65499.1484
100.104,65506.8945
100.191,65502.6641
100.277,65505.1055
100.364,65511.3789
100.451,65503.7656
100.537,65503.0859
100.624,65500.5625
100.711,65502.5742
100.797,65504.4766
100.884,65516.8125
100.971,65518.1602
101.057,65508.5820
101.144,65530.2930
101.231,65510.8555
101.317,65506.2852
101.404,65518.1562
101.491,65511.6562
101.577,65533.3281
101.664,65535.0000
101.751,65512.0156
101.837,65522.7852
101.924,65527.1172
102.011,65526.9336
102.097,65533.3477
102.184,65516.2188
102.271,65506.5586
102.357,65528.7070
102.444,65523.0000
102.531,65530.1484
102.617,65512.6133
102.704,65516.2461
102.791,65521.3750
102.877,65530.4414
102.964,65530.6016
103.051,65523.3398
103.137,65513.9258
103.224,65520.6289
103.311,65532.0039
103.397,65523.6953
103.484,65528.6758
103.571,65523.6641
103.657,65520.8516
103.744,65532.8867
103.831,65521.1914
103.917,65508.4102
104.004,65519.8281
104.091,65531.6641
104.177,65522.1562
104.264,65510.3789
104.351,65526.9961
104.438,65529.9961
104.524,65508.4219
104.611,65533.7852
104.698,65531.5469
104.784,65523.2266
104.871,65534.1797
104.958,65524.3516
105.044,65530.4414
105.131,65524.6641
105.218,65516.1836
105.304,65506.0430
105.391,65521.4766
105.478,65528.0625
105.564,65521.6250
105.651,65507.9961
105.738,65525.0625
105.824,65523.0547
105.911,65534.3477
105.998,65517.8359
106.084,65522.4375
106.171,65528.6172
106.258,65511.2109
106.344,65530.3320
106.431,65532.5469
106.518,65513.7930
106.604,65521.4766
106.691,65515.8438
106.778,65535.0000
106.864,65524.1406
106.951,65528.7305
107.038,65515.5586
107.124,65513.3086
107.211,65534.5352
107.298,65517.7305
107.384,65512.5312
107.471,65501.1719
107.558,65522.7773
107.644,65506.6602
107.731,65520.1914
107.818,65500.1523
107.904,65532.1211
107.991,65517.3750
108.078,65522.1133
108.164,65531.2148
108.251,65530.8516
108.338,65530.3242
108.424,65521.7383
108.511,65522.2695
108.598,65524.4961
108.684,65516.9922
108.771,65516.0000
108.858,65525.5039
108.944,65530.2109
109.031,65531.7109
109.118,65521.6680
109.204,65520.0391
109.291,65524.4648
109.378,65518.4570
109.464,65499.8359
109.551,65507.5898
109.638,65502.8789
109.724,65505.6094
109.811,65504.4297
109.898,65500.9453
109.984,65504.7773
110.071,65503.1211
110.158,65505.2148
110.244,65503.4648
110.331,65498.3398
110.418,65502.1523
110.504,65499.4102
110.591,65500.6250
110.678,65499.7188
110.764,65500.8203
110.851,65496.1914
110.938,65520.4023
111.024,65511.7578
111.111,65514.0469
111.198,65519.5000
111.284,65523.0000
111.371,65514.3633
111.458,65520.6172
111.544,65529.7734
111.631,65522.0195
111.718,65523.5430
111.804,65532.4297
111.891,65535.0000
111.978,65530.4102
112.064,65526.1211
112.151,65530.9570
112.238,65524.5234
112.324,65523.3828
112.411,65520.9609
112.498,65516.9766
112.585,65526.1836
112.671,65533.2305
112.758,65511.3945
112.845,65525.3906
112.931,65529.3203
113.018,65526.0234
113.105,65517.6016
113.191,65517.8945
113.278,65533.1875
113.365,65527.8789
113.451,65523.0000
113.538,65506.5234
113.625,65513.0820
113.711,65518.9219
113.798,65522.5391
113.885,65520.1602
113.971,65514.3555
114.058,65523.6875
114.145,65514.8594
114.231,65507.3750
114.318,65522.1367
114.405,65519.0352
114.491,65532.4727
114.578,65513.1367
114.665,65513.2227
114.751,65533.4062
114.838,65532.4414
114.925,65519.1680
115.011,65525.0000
115.098,65528.2266
115.185,65518.8203
115.271,65529.2969
115.358,65519.9297
115.445,65517.5938
115.531,65535.0000
115.618,65530.6992
115.705,65518.6602
115.791,65530.0078
115.878,65512.3086
115.965,65504.3203
116.051,65528.3320
116.138,65531.6523
116.225,65530.3477
116.311,65510.9609
116.398,65514.9609
116.485,65515.2734
116.571,65514.0195
116.658,65526.8906
116.745,65528.4180
116.831,65531.2305
116.918,65529.7188
117.005,65529.2773
117.091,65535.0000
117.178,65535.0000
117.265,65522.6523
117.351,65519.9258
117.438,65511.8867
117.525,65514.3164
117.611,65501.8672
117.698,65532.5312
117.785,65512.1719
117.871,65523.3828
117.958,65524.5117
118.045,65527.5820
118.131,65512.5703
118.218,65526.5664
118.305,65521.6406
118.391,65527.3281
118.478,65515.7695
118.565,65519.8867
118.651,65529.0000
118.738,65527.7109
118.825,65529.9258
118.911,65517.0352
118.998,65523.7344
119.085,65520.3672
119.171,65520.5234
119.258,65510.1836
119.345,65505.4023
119.431,65521.1953
119.518,65500.9766
119.605,65512.8789
119.691,65500.3750
119.778,65505.6250
119.865,65493.6211
119.951,65490.1367
120.038,65500.0664
120.125,65497.0859
120.211,65494.4727
120.298,65497.1172
120.385,65502.6836
120.471,65502.3086
120.558,65505.4570
120.645,65492.3203
120.731,65498.3242
120.818,65516.6602
120.905,65514.1602
120.992,65513.3164
121.078,65502.2617
121.165,65505.4297
121.252,65509.2461
121.338,65508.3242
121.425,65512.9766
121.512,65525.2617
121.598,65525.3594
121.685,65534.2031
121.772,65522.3984
121.858,65532.9961
121.945,65523.6250
122.032,65529.4023
122.118,65529.6289
122.205,65528.0000
122.292,65526.8125
122.378,65531.3438
122.465,65524.3320
122.552,65528.7344
122.638,65520.3164
122.725,65522.3086
122.812,65531.1758
122.898,65521.4844
122.985,65526.4805
123.072,65518.0703
123.158,65524.6172
123.245,65524.0898
123.332,65516.6836
123.418,65528.6016
123.505,65514.0000
123.592,65524.4219
123.678,65509.1680
123.765,65530.7773
123.852,65513.0352
123.938,65525.6953
124.025,65513.8750
124.112,65514.3477
124.198,65522.8633
124.285,65528.7109
124.372,65516.4258
124.458,65516.0117
124.545,65526.5703
124.632,65525.9219
124.718,65520.9336
124.805,65529.3555
124.892,65524.1758
124.978,65514.6367
125.065,65509.9336
125.152,65510.3828
125.238,65534.4375
125.325,65520.7188
125.412,65519.3828
125.498,65515.8633
125.585,65517.2500
125.672,65530.4453
125.758,65514.8984
125.845,65526.7852
125.932,65530.5273
126.018,65521.7578
126.105,65523.6367
126.192,65512.0000
126.278,65515.5117
126.365,65530.4531
126.452,65526.1094
126.538,65525.5469
126.625,65522.2695
126.712,65527.6133
126.798,65522.0859
126.885,65526.0391
126.972,65521.1328
127.058,65530.2383
127.145,65521.8477
127.232,65535.0000
127.318,65522.2422
127.405,65529.8945
127.492,65518.5820
127.578,65526.9336
127.665,65525.2617
127.752,65517.9570
127.838,65517.8750
127.925,65519.5898
128.012,65524.9531
128.098,65506.4727
128.185,65531.6875
128.272,65513.5273
128.358,65516.0977
128.445,65521.1914
128.532,65527.1836
128.618,65518.0000
128.705,65535.0000
128.792,65534.4805
128.878,65529.7070
128.965,65533.9648
129.052,65529.8320
129.139,65529.3242
129.225,65522.0312
129.312,65512.0547
129.399,65510.5391
129.485,65516.8789
129.572,65505.0859
129.659,65501.1211
129.745,65496.5273
129.832,65492.0156
129.919,65495.4922
130.005,65497.5078
130.092,65497.5352
130.179,65499.9922
130.265,65497.9688
130.352,65502.4844
130.439,65495.5000
130.525,65498.5000
130.612,65498.4922
130.699,65503.4805
130.785,65499.4570
130.872,65498.5039
130.959,65499.4766
131.045,65498.6133
131.132,65492.4219
131.219,65513.1914
131.305,65511.9648
131.392,65526.8398
131.479,65515.1367
131.565,65521.0703
131.652,65523.5664
131.739,65525.0273
131.825,65527.4570
131.912,65520.4844
131.999,65527.0352
132.085,65519.8555
132.172,65509.9609
132.259,65519.5586
132.345,65530.2109
132.432,65513.9180
132.519,65513.7539
132.605,65525.0469
132.692,65513.1484
132.779,65529.3125
132.865,65513.2578
132.952,65522.8320
133.039,65514.7617
133.125,65523.0000
133.212,65529.3711
133.299,65518.2148
133.385,65516.6055
133.472,65526.3320
133.559,65521.9297
133.645,65524.7500
133.732,65516.6328
133.819,65516.9180
133.905,65528.5352
133.992,65535.0000
134.079,65529.0312
134.165,65529.0391
134.252,65522.8867
134.339,65525.0859
134.425,65527.4609
134.512,65535.0000
134.599,65528.0938
134.685,65522.9492
134.772,65525.1211
134.859,65514.3516
134.945,65531.7539
135.032,65524.5859
135.119,65524.5547
135.205,65531.1250
135.292,65514.5625
135.379,65528.0000
135.465,65533.8867
135.552,65524.3867
135.639,65518.7070
135.725,65511.9609
135.812,65517.9062
135.899,65517.2578
135.985,65520.1875
136.072,65516.5312
136.159,65526.0352
136.245,65523.4727
136.332,65514.4297
136.419,65519.9414
136.505,65525.9414
136.592,65524.5938
136.679,65511.4062
136.765,65520.1406
136.852,65532.7109
136.939,65527.8672
137.025,65509.2969
137.112,65534.5742
137.199,65524.9570
137.285,65535.0000
137.372,65508.6328
137.459,65523.4062
137.546,65529.1602
137.632,65533.3281
137.719,65529.3320
137.806,65523.8398
137.892,65526.4922
137.979,65518.2422
138.066,65526.3203
138.152,65515.4141
138.239,65529.2422
138.326,65523.5117
138.412,65527.0469
138.499,65524.2422
138.586,65518.1133
138.672,65528.7188
138.759,65532.6211
138.846,65526.9141
138.932,65534.4023
139.019,65515.0117
139.106,65520.2109
139.192,65527.7930
139.279,65506.9961
139.366,65513.4062
139.452,65516.5391
139.539,65500.8281
139.626,65501.6758
139.712,65503.3945
139.799,65495.6055
139.886,65493.7852
139.972,65498.9570
140.059,65495.4375
140.146,65494.2734
140.232,65490.4375
140.319,65493.3867
140.406,65489.7734
140.492,65491.2305
140.579,65496.7695
140.666,65495.0820
140.752,65495.5312
140.839,65509.5273
140.926,65491.4336
141.012,65501.3789
141.099,65496.0547
141.186,65502.2070
141.272,65517.1055
141.359,65516.1250
141.446,65517.4883
141.532,65516.2305
141.619,65524.7461
141.706,65520.5430
141.792,65516.1836
141.879,65527.3477
141.966,65519.4727
142.052,65519.5312
142.139,65532.4648
142.226,65515.4844
142.312,65521.6367
142.399,65524.5430
142.486,65505.4609
142.572,65524.1094
142.659,65519.0469
142.746,65512.8086
142.832,65528.0742
142.919,65526.7148
143.006,65513.2773
143.092,65526.8672
143.179,65532.8711
143.266,65523.9883
143.352,65526.5312
143.439,65521.2656
143.526,65524.1953
143.612,65514.0469
143.699,65522.1367
143.786,65508.0430
143.872,65530.8398
143.959,65527.7266
144.046,65535.0000
144.132,65523.2188
144.219,65535.0000
144.306,65515.4648
144.392,65515.2305
144.479,65521.6055
144.566,65523.7109
144.652,65526.3906
144.739,65522.9688
144.826,65529.2930
144.912,65523.6875
144.999,65527.3359
145.086,65521.0273
145.172,65527.3398
145.259,65517.6367
145.346,65521.4062
145.432,65528.0547
145.519,65526.6562
145.606,65528.7930
145.692,65522.6523
145.779,65509.4922
145.866,65522.6484
145.952,65521.6133
146.039,65519.2539
146.126,65525.9609
146.213,65525.4766
146.299,65530.2305
146.386,65529.5430
146.473,65514.1992
146.559,65527.1602
146.646,65526.8516
146.733,65524.7656
146.819,65515.7500
146.906,65521.9453
146.993,65533.1367
147.079,65531.5938
147.166,65534.6914
147.253,65524.0000
147.339,65528.2500
147.426,65530.1094
147.513,65528.2578
147.599,65520.3164
147.686,65511.9375
147.773,65518.2852
147.859,65523.7969
147.946,65527.9023
148.033,65502.2734
148.119,65535.0000
148.206,65522.0469
148.293,65522.4492
148.379,65513.9883
148.466,65528.8281
148.553,65515.3633
148.639,65521.6250
148.726,65522.0000
148.813,65520.2617
148.899,65531.4453
148.986,65528.6953
149.073,65529.9922
149.159,65533.2852
149.246,65523.8672
149.333,65515.6641
149.419,65517.7969
149.506,65517.7656
149.593,65514.5273
149.679,65513.3164
149.766,65519.3750
149.853,65503.3906
149.939,65503.7695
150.026,65499.0000
150.113,65504.2734
150.199,65490.2734
150.286,65494.7266
150.373,65494.9023
150.459,65494.0000
150.546,65492.6211
150.633,65492.6875
150.719,65500.6094
150.806,65496.8047
150.893,65498.6602
150.979,65499.9727
151.066,65493.5820
151.153,65501.5273
151.239,65515.7383
151.326,65506.8711
151.413,65517.7812
151.499,65530.8555
151.586,65535.0000
151.673,65531.1445
151.759,65511.6719
151.846,65523.9805
151.933,65530.4297
152.019,65523.0117
152.106,65528.7578
152.193,65519.2422
152.279,65525.2500
152.366,65524.2617
152.453,65528.2461
152.539,65531.7773
152.626,65523.7852
152.713,65530.3047
152.799,65528.1953
152.886,65519.1133
152.973,65516.5977
153.059,65508.4805
153.146,65510.6797
153.233,65519.9141
153.319,65534.2852
153.406,65525.1562
153.493,65524.5703
153.579,65525.5898
153.666,65521.9805
153.753,65519.2344
153.839,65518.8750
153.926,65501.3945
154.013,65520.8477
154.100,65507.6250
154.186,65522.4375
154.273,65530.0469
154.360,65512.2617
154.446,65518.0508
154.533,65527.5703
154.620,65531.6523
154.706,65516.1094
154.793,65516.5469
154.880,65530.5977
154.966,65525.6289
155.053,65535.0000
155.140,65525.0859
155.226,65516.8633
155.313,65516.2031
155.400,65526.6484
155.486,65505.7070
155.573,65508.4844
155.660,65513.6875
155.746,65511.3125
155.833,65527.8164
155.920,65527.0391
156.006,65530.0273
156.093,65524.6406
156.180,65524.2305
156.266,65530.0000
156.353,65526.2344
156.440,65517.7656
156.526,65531.5781
156.613,65515.5977
156.700,65531.6133
156.786,65518.7656
156.873,65520.8047
156.960,65510.1953
157.046,65514.9062
157.133,65527.0859
157.220,65535.0000
157.306,65511.4219
157.393,65514.0000
157.480,65507.6133
157.566,65513.9453
157.653,65521.2461
157.740,65516.8789
157.826,65520.0898
157.913,65512.3711
158.000,65523.6328
158.086,65518.4180
158.173,65533.9062
158.260,65522.2812
158.346,65523.5586
158.433,65517.6406
158.520,65534.2852
158.606,65519.3672
158.693,65520.8828
158.780,65508.2266
158.866,65529.6953
158.953,65516.8125
159.040,65529.6602
159.126,65516.1992
159.213,65526.0625
159.300,65528.6758
159.386,65512.8398
159.473,65513.1641
159.560,65509.6641
159.646,65511.1641
159.733,65514.3281
159.820,65508.7969
159.906,65504.0508
159.993,65503.5469
160.080,65501.2812
160.166,65492.6797
160.253,65487.1602
160.340,65489.1016
160.426,65489.8750
160.513,65495.8438
160.600,65492.3086
160.686,65492.0781
160.773,65493.9336
160.860,65498.6055
160.946,65496.2461
161.033,65496.0898
161.120,65503.1484
161.206,65510.6719
161.293,65506.8789
161.380,65513.7617
161.466,65529.6992
161.553,65535.0000
161.640,65518.7070
161.726,65516.1133
161.813,65523.2969
161.900,65525.3945
161.986,65528.1992
162.073,65519.0742
162.160,65503.0469
162.246,65529.4062
162.333,65529.1172
162.420,65505.5391
162.507,65526.8672
162.593,65524.0508
162.680,65528.5234
162.767,65525.3867
162.853,65511.6406
162.940,65524.5312
163.027,65532.3672
163.113,65516.7539
163.200,65521.6211
163.287,65527.5195
163.373,65508.9414
163.460,65516.5508
163.547,65534.6367
163.633,65512.8359
163.720,65530.3398
163.807,65534.8828
163.893,65532.8359
163.980,65531.4180
164.067,65526.3125
164.153,65533.9766
164.240,65527.9727
164.327,65514.4453
164.413,65535.0000
164.500,65513.3281
164.587,65524.3477
164.673,65517.3555
164.760,65522.0664
164.847,65516.6875
164.933,65524.2539
165.020,65505.4844
165.107,65535.0000
165.193,65532.4609
165.280,65506.2148
165.367,65504.6953
165.453,65527.3945
165.540,65513.3438
165.627,65533.0664
165.713,65527.0000
165.800,65526.6211
165.887,65534.4375
165.973,65523.8164
166.060,65522.4570
166.147,65531.2734
166.233,65497.9844
166.320,65534.4688
166.407,65524.0859
166.493,65523.6992
166.580,65519.0273
166.667,65523.1680
166.753,65504.8398
166.840,65517.5703
166.927,65533.5312
167.013,65524.4336
167.100,65533.0859
167.187,65533.4258
167.273,65522.6211
167.360,65533.8477
167.447,65527.6055
167.533,65520.9258
167.620,65525.7383
167.707,65521.0898
167.793,65533.7109
167.880,65535.0000
167.967,65522.8164
168.053,65529.9688
168.140,65506.4727
168.227,65534.0664
168.313,65509.5117
168.400,65529.8711
168.487,65532.9609
168.573,65534.7500
168.660,65526.5547
168.747,65533.8438
168.833,65515.7617
168.920,65534.4141
169.007,65534.1914
169.093,65529.8867
169.180,65533.7227
169.267,65526.3281
169.353,65502.4297
169.440,65525.5234
169.527,65511.9844
169.613,65521.7969
169.700,65513.4023
169.787,65531.0000
169.873,65505.9062
169.960,65494.3281
170.047,65502.2305
170.133,65502.8672
170.220,65493.0000
170.307,65498.6992
170.393,65494.8320
170.480,65493.0820
170.567,65487.9609
170.653,65486.2734
170.740,65502.9258
170.827,65498.1836
170.913,65497.9648
171.000,65504.9648
171.087,65507.6602
171.174,65509.8672
171.260,65514.8398
171.347,65520.7539
171.434,65526.1797
171.520,65520.2617
171.607,65518.1406
171.694,65529.0000
171.780,65512.9492
171.867,65530.0742
171.954,65519.3828
172.040,65502.4336
172.127,65534.5820
172.214,65519.8125
172.300,65505.0391
172.387,65509.4922
172.474,65521.1953
172.560,65527.6797
172.647,65528.0625
172.734,65526.7773
172.820,65531.0547
172.907,65516.1055
172.994,65530.9648
173.080,65534.9023
173.167,65521.9102
173.254,65517.0703
173.340,65524.0859
173.427,65528.9102
173.514,65524.0430
173.600,65533.9961
173.687,65524.9883
173.774,65502.0977
173.860,65532.0078
173.947,65507.0078
174.034,65509.0000
